--打款通道
delete from REMIT.TBL_REMIT_CHANNEL;
INSERT INTO REMIT.TBL_REMIT_CHANNEL( REMIT_CHANNEL_NO, REMIT_CHANNEL_NAME, ACCOUNT_TYPE, BANK_NO, LIMIT_NUM, MIN_AMOUNT, MAX_AMOUNT, BATCH_MIN_AMOUNT, BATCH_MAX_AMOUNT, IS_URGENT, IS_CONFIRM, IS_AUTO_REMIT, STATUS, TEMPLATE_NAME, SRC_ACCOUNT_ID, SRC_ACCOUNT_NAME, SRC_BANK_NAME, FILE_TYPE)
  VALUES('ICBC_PRI', '工行对私', 'TO_PRIVATE', 'ICBC', 4000, NULL, 50000.00, NULL, NULL, '0', '0', '0', 'OPENED', 'ICBC2PRIVATE-template.txt', '', '', NULL, 'BXT');
INSERT INTO REMIT.TBL_REMIT_CHANNEL( REMIT_CHANNEL_NO, REMIT_CHANNEL_NAME, ACCOUNT_TYPE, BANK_NO, LIMIT_NUM, MIN_AMOUNT, MAX_AMOUNT, BATCH_MIN_AMOUNT, BATCH_MAX_AMOUNT, IS_URGENT, IS_CONFIRM, IS_AUTO_REMIT, STATUS, TEMPLATE_NAME, SRC_ACCOUNT_ID, SRC_ACCOUNT_NAME, SRC_BANK_NAME, FILE_TYPE)
  VALUES('ICBC_PUB_BIG', '工行对公大额', 'TO_PUBLIC', 'ICBC', 2000, NULL, NULL, NULL, NULL, '0', '0', '0', 'OPENED', 'ICBC2PRIVATE-template.txt', '', '', NULL, 'KPJ');
INSERT INTO REMIT.TBL_REMIT_CHANNEL( REMIT_CHANNEL_NO, REMIT_CHANNEL_NAME, ACCOUNT_TYPE, BANK_NO, LIMIT_NUM, MIN_AMOUNT, MAX_AMOUNT, BATCH_MIN_AMOUNT, BATCH_MAX_AMOUNT, IS_URGENT, IS_CONFIRM, IS_AUTO_REMIT, STATUS, TEMPLATE_NAME, SRC_ACCOUNT_ID, SRC_ACCOUNT_NAME, SRC_BANK_NAME, FILE_TYPE)
  VALUES('ICBC_PUB_SMALL', '工行对公小额', 'TO_PUBLIC', 'ICBC', 2000, NULL, NULL, NULL, NULL, '0', '0', '0', 'OPENED', 'ICBC2PUBLIC-smallamount-template.txt', '', '', NULL, 'BPT');

INSERT INTO REMIT.TBL_REMIT_CHANNEL( REMIT_CHANNEL_NO, REMIT_CHANNEL_NAME, ACCOUNT_TYPE, BANK_NO, LIMIT_NUM, MIN_AMOUNT, MAX_AMOUNT, BATCH_MIN_AMOUNT, BATCH_MAX_AMOUNT, IS_URGENT, IS_CONFIRM, IS_AUTO_REMIT, STATUS, TEMPLATE_NAME, SRC_ACCOUNT_ID, SRC_ACCOUNT_NAME, SRC_BANK_NAME, FILE_TYPE)
  VALUES('CCB_PUB', '建行无拆分对公', 'TO_PUBLIC', 'CCB', NULL, NULL, NULL, NULL, NULL, '0', '0', '0', 'OPENED', 'CCB-nosplit-template.txt', '', '', NULL, 'TXT');
INSERT INTO REMIT.TBL_REMIT_CHANNEL( REMIT_CHANNEL_NO, REMIT_CHANNEL_NAME, ACCOUNT_TYPE, BANK_NO, LIMIT_NUM, MIN_AMOUNT, MAX_AMOUNT, BATCH_MIN_AMOUNT, BATCH_MAX_AMOUNT, IS_URGENT, IS_CONFIRM, IS_AUTO_REMIT, STATUS, TEMPLATE_NAME, SRC_ACCOUNT_ID, SRC_ACCOUNT_NAME, SRC_BANK_NAME, FILE_TYPE)
  VALUES('CCB_PRI', '建行无拆分对私', 'TO_PRIVATE', 'CCB', NULL, NULL, 50000.00, NULL, NULL, '0', '0', '0', 'OPENED', 'CCB-nosplit-template.txt', '', '', NULL, 'TXT');
INSERT INTO REMIT.TBL_REMIT_CHANNEL(REMIT_CHANNEL_NO, REMIT_CHANNEL_NAME, ACCOUNT_TYPE, BANK_NO, LIMIT_NUM, MIN_AMOUNT, MAX_AMOUNT, BATCH_MIN_AMOUNT, BATCH_MAX_AMOUNT, IS_URGENT, IS_CONFIRM, IS_AUTO_REMIT, STATUS, TEMPLATE_NAME, SRC_ACCOUNT_ID, SRC_ACCOUNT_NAME, SRC_BANK_NAME, FILE_TYPE)
  VALUES('CCB_LIKE_PRI', '建行跨行对私', 'TO_PRIVATE', 'CCB', NULL, NULL, 50000.00, NULL, NULL, '0', '0', '0', 'OPENED', 'CCBLIKE-template.txt', '31001520313050015700', '', NULL, 'TXT');

INSERT INTO REMIT.TBL_REMIT_CHANNEL(REMIT_CHANNEL_NO, REMIT_CHANNEL_NAME, ACCOUNT_TYPE, BANK_NO, LIMIT_NUM, MIN_AMOUNT, MAX_AMOUNT, BATCH_MIN_AMOUNT, BATCH_MAX_AMOUNT, IS_URGENT, IS_CONFIRM, IS_AUTO_REMIT, STATUS, TEMPLATE_NAME, SRC_ACCOUNT_ID, SRC_ACCOUNT_NAME, SRC_BANK_NAME, FILE_TYPE)
  VALUES( 'ABC_PUB', '农行对公', 'TO_PUBLIC', 'ABC', NULL, NULL, NULL, NULL, NULL, '0', '0', '0', 'OPENED', 'ABC-template.txt', '', '', NULL, 'TXT');
INSERT INTO REMIT.TBL_REMIT_CHANNEL(REMIT_CHANNEL_NO, REMIT_CHANNEL_NAME, ACCOUNT_TYPE, BANK_NO, LIMIT_NUM, MIN_AMOUNT, MAX_AMOUNT, BATCH_MIN_AMOUNT, BATCH_MAX_AMOUNT, IS_URGENT, IS_CONFIRM, IS_AUTO_REMIT, STATUS, TEMPLATE_NAME, SRC_ACCOUNT_ID, SRC_ACCOUNT_NAME, SRC_BANK_NAME, FILE_TYPE)
  VALUES('ABC_PRI', '农行对私', 'TO_PRIVATE', 'ABC', 1000, NULL, 50000.00, NULL, 1000000.00, '0', '0', '0', 'OPENED', 'ABC-template.txt', '', '', NULL, 'TXT');

INSERT INTO REMIT.TBL_REMIT_CHANNEL( REMIT_CHANNEL_NO, REMIT_CHANNEL_NAME, ACCOUNT_TYPE, BANK_NO, LIMIT_NUM, MIN_AMOUNT, MAX_AMOUNT, BATCH_MIN_AMOUNT, BATCH_MAX_AMOUNT, IS_URGENT, IS_CONFIRM, IS_AUTO_REMIT, STATUS, TEMPLATE_NAME, SRC_ACCOUNT_ID, SRC_ACCOUNT_NAME, SRC_BANK_NAME, FILE_TYPE)
  VALUES('CMBCHINA_PUB', '招行对公', 'TO_PUBLIC', 'CMBCHINA', NULL, NULL, NULL, NULL, NULL, '0', '0', '0', 'OPENED', 'CMBCHINA-template.txt', '', '', NULL, 'APY');
INSERT INTO REMIT.TBL_REMIT_CHANNEL(REMIT_CHANNEL_NO, REMIT_CHANNEL_NAME, ACCOUNT_TYPE, BANK_NO, LIMIT_NUM, MIN_AMOUNT, MAX_AMOUNT, BATCH_MIN_AMOUNT, BATCH_MAX_AMOUNT, IS_URGENT, IS_CONFIRM, IS_AUTO_REMIT, STATUS, TEMPLATE_NAME, SRC_ACCOUNT_ID, SRC_ACCOUNT_NAME, SRC_BANK_NAME, FILE_TYPE)
  VALUES('CMBCHINA_PRI', '招行对私', 'TO_PRIVATE', 'CMBCHINA', NULL, NULL, 50000.00, NULL, NULL, '0', '0', '0', 'OPENED', 'CMBCHINA-template.txt', '', '', NULL, 'APY');


--打款通道匹配规则
delete from REMIT.TBL_CHANNEL_FLOW_RULE;
INSERT INTO REMIT.TBL_CHANNEL_FLOW_RULE(REMIT_CHANNEL_NO, ACCOUNT_TYPE, TRADE_TYPE, INCLUDE_BANK_NO, EXCLUDE_BANK_NO, MIN_AMOUNT, MAX_AMOUNT, IS_URGENT, STATUS)
  VALUES('ICBC_PRI', 'TO_PRIVATE', '', 'ICBC', NULL, NULL, NULL, '0', 'OPENED');
INSERT INTO REMIT.TBL_CHANNEL_FLOW_RULE(REMIT_CHANNEL_NO, ACCOUNT_TYPE, TRADE_TYPE, INCLUDE_BANK_NO, EXCLUDE_BANK_NO, MIN_AMOUNT, MAX_AMOUNT, IS_URGENT, STATUS)
  VALUES('ICBC_PUB_BIG', 'TO_PUBLIC', '', NULL, 'CCB, ICBC, ABC, CMBCHINA', 20000.00, NULL, '0', 'OPENED');
INSERT INTO REMIT.TBL_CHANNEL_FLOW_RULE(REMIT_CHANNEL_NO, ACCOUNT_TYPE, TRADE_TYPE, INCLUDE_BANK_NO, EXCLUDE_BANK_NO, MIN_AMOUNT, MAX_AMOUNT, IS_URGENT, STATUS)
  VALUES('ICBC_PUB_SMALL', 'TO_PUBLIC', '', NULL, 'CCB, ICBC, ABC, CMBCHINA', NULL, 20000.00, '0', 'OPENED');
INSERT INTO REMIT.TBL_CHANNEL_FLOW_RULE(REMIT_CHANNEL_NO, ACCOUNT_TYPE, TRADE_TYPE, INCLUDE_BANK_NO, EXCLUDE_BANK_NO, MIN_AMOUNT, MAX_AMOUNT, IS_URGENT, STATUS)
  VALUES('ICBC_PUB_SMALL', 'TO_PUBLIC', '', 'ICBC', NULL, NULL, NULL, '0', 'OPENED');

INSERT INTO REMIT.TBL_CHANNEL_FLOW_RULE(REMIT_CHANNEL_NO, ACCOUNT_TYPE, TRADE_TYPE, INCLUDE_BANK_NO, EXCLUDE_BANK_NO, MIN_AMOUNT, MAX_AMOUNT, IS_URGENT, STATUS)
  VALUES('CCB_PUB', 'TO_PUBLIC', '', 'CCB', NULL, NULL, NULL, '0', 'OPENED');
INSERT INTO REMIT.TBL_CHANNEL_FLOW_RULE( REMIT_CHANNEL_NO, ACCOUNT_TYPE, TRADE_TYPE, INCLUDE_BANK_NO, EXCLUDE_BANK_NO, MIN_AMOUNT, MAX_AMOUNT, IS_URGENT, STATUS)
  VALUES( 'CCB_PRI', 'TO_PRIVATE', '', 'CCB', NULL, NULL, NULL, '0', 'OPENED');
INSERT INTO REMIT.TBL_CHANNEL_FLOW_RULE(REMIT_CHANNEL_NO, ACCOUNT_TYPE, TRADE_TYPE, INCLUDE_BANK_NO, EXCLUDE_BANK_NO, MIN_AMOUNT, MAX_AMOUNT, IS_URGENT, STATUS)
  VALUES('CCB_LIKE_PRI', 'TO_PRIVATE', '', NULL, 'CCB, ICBC, ABC, CMBCHINA', NULL, NULL, '0', 'OPENED');

INSERT INTO REMIT.TBL_CHANNEL_FLOW_RULE(REMIT_CHANNEL_NO, ACCOUNT_TYPE, TRADE_TYPE, INCLUDE_BANK_NO, EXCLUDE_BANK_NO, MIN_AMOUNT, MAX_AMOUNT, IS_URGENT, STATUS)
  VALUES('ABC_PUB', 'TO_PUBLIC', '', 'ABC', NULL, NULL, NULL, '0', 'OPENED');
INSERT INTO REMIT.TBL_CHANNEL_FLOW_RULE(REMIT_CHANNEL_NO, ACCOUNT_TYPE, TRADE_TYPE, INCLUDE_BANK_NO, EXCLUDE_BANK_NO, MIN_AMOUNT, MAX_AMOUNT, IS_URGENT, STATUS)
  VALUES('ABC_PRI', 'TO_PRIVATE', '', 'ABC', NULL, NULL, NULL, '0', 'OPENED');

INSERT INTO REMIT.TBL_CHANNEL_FLOW_RULE(REMIT_CHANNEL_NO, ACCOUNT_TYPE, TRADE_TYPE, INCLUDE_BANK_NO, EXCLUDE_BANK_NO, MIN_AMOUNT, MAX_AMOUNT, IS_URGENT, STATUS)
  VALUES('CMBCHINA_PUB', 'TO_PUBLIC', '', 'CMBCHINA', NULL, NULL, NULL, '0', 'OPENED');
INSERT INTO REMIT.TBL_CHANNEL_FLOW_RULE( REMIT_CHANNEL_NO, ACCOUNT_TYPE, TRADE_TYPE, INCLUDE_BANK_NO, EXCLUDE_BANK_NO, MIN_AMOUNT, MAX_AMOUNT, IS_URGENT, STATUS)
  VALUES('CMBCHINA_PRI', 'TO_PRIVATE', '', 'CMBCHINA', NULL, NULL, NULL, '0', 'OPENED');

--打款通道对账标识
delete from REMIT.TBL_CHANNEL_RECONCILE;
insert into REMIT.TBL_CHANNEL_RECONCILE( RECONCILE_CODE, RECONCILE_NAME, EXCLUDE_CHANNEL_NO)
VALUES('ABC','农业银行','ABC_PUB,ABC_PRI');
insert into REMIT.TBL_CHANNEL_RECONCILE( RECONCILE_CODE, RECONCILE_NAME, EXCLUDE_CHANNEL_NO)
VALUES('ICBC2PRIVATE','工行对私','ICBC_PRI');
insert into REMIT.TBL_CHANNEL_RECONCILE( RECONCILE_CODE, RECONCILE_NAME, EXCLUDE_CHANNEL_NO)
VALUES('CMBCHINA','招商银行','CMBCHINA_PUB,CMBCHINA_PRI');
insert into REMIT.TBL_CHANNEL_RECONCILE( RECONCILE_CODE, RECONCILE_NAME, EXCLUDE_CHANNEL_NO)
VALUES('CCB_NOSPLIT','建设银行无拆分','CCB_PUB,CCB_PRI');
insert into REMIT.TBL_CHANNEL_RECONCILE( RECONCILE_CODE, RECONCILE_NAME, EXCLUDE_CHANNEL_NO)
VALUES('CCBLIKE','建行跨行','CCB_PUB_MULTI');